{"cameraMode":{"drawMode":0,"name":"Shaded","section":"Shading Mode"},"sceneLighting":false,"audioPlay":false,"sceneViewState":{"showFog":true,"showMaterialUpdate":false,"showSkybox":false,"showFlares":true,"showImageEffects":true,"showParticleSystems":true},"in2DMode":false,"pivot":{"x":-1.4448208808898926,"y":1.0084478855133057,"z":20.81930160522461},"rotation":{"x":-0.0784686878323555,"y":0.041264135390520099,"z":-0.0032341559417545797,"w":-0.9961429238319397},"size":32.39478302001953,"orthographic":false}