{"cameraMode":{"drawMode":0,"name":"Shaded","section":"Shading Mode"},"sceneLighting":false,"audioPlay":false,"sceneViewState":{"showFog":true,"showMaterialUpdate":false,"showSkybox":true,"showFlares":true,"showImageEffects":true,"showParticleSystems":true},"in2DMode":false,"pivot":{"x":0.0,"y":2.9802322387695315e-8,"z":-5.960464477539063e-8},"rotation":{"x":-0.24409537017345429,"y":0.17515438795089723,"z":-0.044833529740571979,"w":-0.9527478218078613},"size":9.96851634979248,"orthographic":false}