{"cameraMode":{"drawMode":0,"name":"Shaded","section":"Shading Mode"},"sceneLighting":true,"audioPlay":false,"sceneViewState":{"showFog":true,"showMaterialUpdate":false,"showSkybox":true,"showFlares":true,"showImageEffects":true,"showParticleSystems":true},"in2DMode":false,"pivot":{"x":-0.35669347643852236,"y":0.5374822616577148,"z":0.5939875841140747},"rotation":{"x":-0.0362890362739563,"y":-0.02638242579996586,"z":0.0009584409999661148,"w":-0.9989933967590332},"size":5.455147743225098,"orthographic":false}